{
 "client_time_to_cloudinit_done": {
  "avg": 7.162269711494446,
  "max": 7.8897178173065186,
  "min": 6.385100603103638,
  "samples": [
   7.181873798370361,
   6.946508169174194,
   7.252901315689087,
   7.747138261795044,
   6.980109691619873,
   6.766327142715454,
   7.384547472000122,
   6.407566547393799,
   6.902225494384766,
   7.591594696044922,
   7.3955397605896,
   7.401532411575317,
   6.870580434799194,
   7.5082926750183105,
   7.592432022094727,
   7.52778172492981,
   6.426029920578003,
   7.8897178173065186,
   7.094165086746216,
   7.0934436321258545,
   6.58191180229187,
   7.2549309730529785,
   7.2994468212127686,
   7.6194984912872314,
   6.9911181926727295,
   6.853363513946533,
   6.385100603103638,
   7.640721082687378,
   7.365133762359619,
   6.916558027267456
  ],
  "stdev": 0.4071029287368091
 },
 "client_time_to_ssh": {
  "avg": 5.348373818397522,
  "max": 6.023496866226196,
  "min": 4.817203521728516,
  "samples": [
   5.110925674438477,
   5.372482061386108,
   5.190775156021118,
   5.683149814605713,
   5.417438983917236,
   5.191179513931274,
   5.562899589538574,
   4.82291579246521,
   4.826274633407593,
   5.525929927825928,
   5.812586307525635,
   5.823235988616943,
   5.2720372676849365,
   5.454180717468262,
   6.023496866226196,
   5.449340581893921,
   4.841914892196655,
   5.818074941635132,
   5.020688533782959,
   5.519636154174805,
   4.994959115982056,
   5.17961311340332,
   5.232802867889404,
   5.552934169769287,
   5.17911434173584,
   5.285135746002197,
   4.817203521728516,
   5.574165344238281,
   5.795881032943726,
   5.1002418994903564
  ],
  "stdev": 0.33340495552262
 },
 "cloud_init_complete": {
  "avg": 3.7511333333333337,
  "max": 4.436,
  "min": 3.012,
  "samples": [
   3.58,
   3.637,
   3.936,
   4.436,
   3.632,
   3.281,
   4.232,
   3.026,
   3.497,
   4.137,
   3.977,
   3.918,
   3.45,
   4.053,
   3.588,
   4.075,
   3.012,
   4.335,
   3.672,
   3.746,
   3.206,
   3.803,
   3.907,
   4.273,
   3.813,
   3.454,
   3.014,
   4.212,
   3.899,
   3.733
  ],
  "stdev": 0.39407348634953626
 },
 "time_cloudinit_blames": {
  "init-local/check-cache": {
   "avg": 3.3333333333333335e-05,
   "max": 0.001,
   "min": 0.0,
   "samples": [
    0.0,
    0.0,
    0.0,
    0.0,
    0.0,
    0.001,
    0.0,
    0.0,
    0.0,
    0.0,
    0.0,
    0.0,
    0.0,
    0.0,
    0.0,
    0.0,
    0.0,
    0.0,
    0.0,
    0.0,
    0.0,
    0.0,
    0.0,
    0.0,
    0.0,
    0.0,
    0.0,
    0.0,
    0.0,
    0.0
   ],
   "stdev": 0.00018257418583505537
  },
  "init-local/search-NoCloud": {
   "avg": 0.0334,
   "max": 0.035,
   "min": 0.03,
   "samples": [
    0.034,
    0.034,
    0.032,
    0.033,
    0.033,
    0.033,
    0.034,
    0.032,
    0.034,
    0.035,
    0.033,
    0.034,
    0.033,
    0.034,
    0.033,
    0.034,
    0.034,
    0.035,
    0.033,
    0.033,
    0.033,
    0.032,
    0.033,
    0.035,
    0.03,
    0.034,
    0.034,
    0.033,
    0.034,
    0.034
   ],
   "stdev": 0.001037237710925282
  },
  "init-network/activate-datasource": {
   "avg": 0.0007,
   "max": 0.001,
   "min": 0.0,
   "samples": [
    0.001,
    0.001,
    0.001,
    0.001,
    0.0,
    0.001,
    0.001,
    0.0,
    0.001,
    0.001,
    0.001,
    0.001,
    0.001,
    0.0,
    0.001,
    0.0,
    0.0,
    0.001,
    0.001,
    0.001,
    0.0,
    0.0,
    0.001,
    0.001,
    0.001,
    0.001,
    0.001,
    0.0,
    0.001,
    0.0
   ],
   "stdev": 0.00046609159969939905
  },
  "init-network/check-cache": {
   "avg": 0.0018666666666666666,
   "max": 0.004,
   "min": 0.001,
   "samples": [
    0.004,
    0.002,
    0.002,
    0.002,
    0.003,
    0.002,
    0.001,
    0.002,
    0.002,
    0.002,
    0.003,
    0.001,
    0.002,
    0.002,
    0.001,
    0.002,
    0.001,
    0.002,
    0.002,
    0.002,
    0.001,
    0.001,
    0.002,
    0.002,
    0.002,
    0.002,
    0.002,
    0.001,
    0.002,
    0.001
   ],
   "stdev": 0.0006814453874610599
  },
  "init-network/config-growpart": {
   "avg": 0.0054666666666666665,
   "max": 0.011,
   "min": 0.004,
   "samples": [
    0.005,
    0.005,
    0.006,
    0.005,
    0.005,
    0.007,
    0.005,
    0.005,
    0.007,
    0.005,
    0.005,
    0.005,
    0.004,
    0.006,
    0.005,
    0.005,
    0.005,
    0.006,
    0.006,
    0.005,
    0.005,
    0.005,
    0.005,
    0.006,
    0.005,
    0.005,
    0.005,
    0.005,
    0.011,
    0.005
   ],
   "stdev": 0.0012242755305537408
  },
  "init-network/config-migrator": {
   "avg": 0.0004,
   "max": 0.001,
   "min": 0.0,
   "samples": [
    0.0,
    0.001,
    0.001,
    0.0,
    0.001,
    0.001,
    0.0,
    0.001,
    0.001,
    0.0,
    0.0,
    0.0,
    0.0,
    0.0,
    0.0,
    0.001,
    0.0,
    0.0,
    0.001,
    0.0,
    0.001,
    0.0,
    0.001,
    0.001,
    0.001,
    0.0,
    0.0,
    0.0,
    0.0,
    0.0
   ],
   "stdev": 0.0004982728791224398
  },
  "init-network/config-mounts": {
   "avg": 0.0006666666666666666,
   "max": 0.001,
   "min": 0.0,
   "samples": [
    0.001,
    0.001,
    0.0,
    0.0,
    0.0,
    0.001,
    0.0,
    0.0,
    0.001,
    0.0,
    0.001,
    0.0,
    0.0,
    0.001,
    0.0,
    0.001,
    0.001,
    0.001,
    0.001,
    0.001,
    0.001,
    0.001,
    0.001,
    0.001,
    0.001,
    0.001,
    0.0,
    0.001,
    0.001,
    0.001
   ],
   "stdev": 0.00047946330148538414
  },
  "init-network/config-resizefs": {
   "avg": 0.0007,
   "max": 0.01,
   "min": 0.0,
   "samples": [
    0.0,
    0.0,
    0.001,
    0.001,
    0.0,
    0.01,
    0.0,
    0.001,
    0.0,
    0.001,
    0.001,
    0.001,
    0.001,
    0.0,
    0.001,
    0.001,
    0.0,
    0.0,
    0.0,
    0.0,
    0.0,
    0.001,
    0.0,
    0.0,
    0.0,
    0.0,
    0.001,
    0.0,
    0.0,
    0.0
   ],
   "stdev": 0.0018222759547259614
  },
  "init-network/config-seed_random": {
   "avg": 0.0005,
   "max": 0.001,
   "min": 0.0,
   "samples": [
    0.0,
    0.0,
    0.0,
    0.001,
    0.0,
    0.0,
    0.001,
    0.0,
    0.0,
    0.0,
    0.001,
    0.001,
    0.001,
    0.001,
    0.001,
    0.0,
    0.001,
    0.001,
    0.0,
    0.001,
    0.0,
    0.0,
    0.0,
    0.0,
    0.0,
    0.001,
    0.001,
    0.001,
    0.001,
    0.001
   ],
   "stdev": 0.0005085476277156078
  },
  "init-network/config-set_hostname": {
   "avg": 0.00036666666666666667,
   "max": 0.001,
   "min": 0.0,
   "samples": [
    0.0,
    0.0,
    0.001,
    0.0,
    0.001,
    0.0,
    0.001,
    0.0,
    0.001,
    0.0,
    0.0,
    0.001,
    0.0,
    0.0,
    0.0,
    0.001,
    0.0,
    0.0,
    0.001,
    0.001,
    0.0,
    0.0,
    0.0,
    0.0,
    0.0,
    0.0,
    0.001,
    0.001,
    0.001,
    0.0
   ],
   "stdev": 0.000490132517853561
  },
  "init-network/config-ssh": {
   "avg": 0.07696666666666667,
   "max": 0.13,
   "min": 0.043,
   "samples": [
    0.086,
    0.116,
    0.06,
    0.104,
    0.084,
    0.053,
    0.089,
    0.094,
    0.081,
    0.043,
    0.13,
    0.062,
    0.063,
    0.055,
    0.106,
    0.11,
    0.108,
    0.063,
    0.052,
    0.053,
    0.107,
    0.057,
    0.075,
    0.06,
    0.071,
    0.059,
    0.048,
    0.082,
    0.074,
    0.064
   ],
   "stdev": 0.023377683631061977
  },
  "init-network/config-update_hostname": {
   "avg": 0.0003333333333333333,
   "max": 0.001,
   "min": 0.0,
   "samples": [
    0.001,
    0.001,
    0.0,
    0.0,
    0.0,
    0.0,
    0.0,
    0.001,
    0.0,
    0.0,
    0.0,
    0.0,
    0.0,
    0.001,
    0.0,
    0.0,
    0.001,
    0.001,
    0.0,
    0.0,
    0.001,
    0.001,
    0.001,
    0.0,
    0.0,
    0.001,
    0.0,
    0.0,
    0.0,
    0.0
   ],
   "stdev": 0.00047946330148538414
  },
  "init-network/config-users-groups": {
   "avg": 0.03183333333333334,
   "max": 0.037,
   "min": 0.027,