{
 "client_time_to_cloudinit_done": {
  "avg": 8.780288577079773,
  "max": 10.321563005447388,
  "min": 8.087549448013306,
  "samples": [
   8.545223951339722,
   8.267184019088745,
   8.404009103775024,
   8.330812215805054,
   9.26642656326294,
   8.695807456970215,
   10.321563005447388,
   8.392698526382446,
   8.585392951965332,
   8.144721984863281,
   9.006031036376953,
   9.057024955749512,
   8.770390748977661,
   9.216150999069214,
   9.284403562545776,
   8.46653127670288,
   8.317741394042969,
   9.676964282989502,
   8.367297649383545,
   8.139527082443237,
   9.272749662399292,
   9.032479286193848,
   8.979097604751587,
   9.013730525970459,
   8.885504961013794,
   8.087549448013306,
   9.082797288894653,
   8.911071538925171,
   8.386118412017822,
   8.50165581703186
  ],
  "stdev": 0.5043028909683716
 },
 "client_time_to_ssh": {
  "avg": 6.013918622334798,
  "max": 7.718199014663696,
  "min": 5.4163737297058105,
  "samples": [
   5.4163737297058105,
   7.718199014663696,
   5.6855363845825195,
   5.61978554725647,
   5.476110219955444,
   5.471720457077026,
   7.062948942184448,
   6.514165639877319,
   5.495458602905273,
   7.599308729171753,
   5.716761350631714,
   5.7554075717926025,
   5.575823783874512,
   5.610851287841797,
   5.502204418182373,
   6.537456035614014,
   5.581456661224365,
   5.802220344543457,
   5.659173488616943,
   7.594746351242065,
   5.922016620635986,
   5.578510761260986,
   5.752893924713135,
   5.716167688369751,
   5.754258632659912,
   7.542563438415527,
   5.980660438537598,
   5.644822835922241,
   5.644330024719238,
   5.485625743865967
  ],
  "stdev": 0.7300255678198895
 },
 "cloud_init_complete": {
  "avg": 5.1857,
  "max": 5.956,
  "min": 4.763,
  "samples": [
   5.21,
   4.935,
   4.933,
   4.801,
   5.638,
   5.173,
   5.727,
   4.763,
   4.953,
   4.964,
   5.469,
   5.275,
   5.092,
   5.493,
   5.705,
   4.816,
   4.805,
   5.956,
   4.792,
   4.909,
   5.444,
   5.371,
   5.139,
   5.341,
   5.405,
   4.888,
   5.487,
   5.176,
   4.872,
   5.039
  ],
  "stdev": 0.32682064574129754
 },
 "time_cloudinit_blames": {
  "init-local/check-cache": {
   "avg": 6.666666666666667e-05,
   "max": 0.001,
   "min": 0.0,
   "samples": [
    0.0,
    0.0,
    0.0,
    0.0,
    0.0,
    0.0,
    0.0,
    0.0,
    0.0,
    0.0,
    0.0,
    0.0,
    0.0,
    0.0,
    0.0,
    0.0,
    0.0,
    0.0,
    0.0,
    0.001,
    0.001,
    0.0,
    0.0,
    0.0,
    0.0,
    0.0,
    0.0,
    0.0,
    0.0,
    0.0
   ],
   "stdev": 0.0002537081317024624
  },
  "init-local/search-NoCloud": {
   "avg": 0.038766666666666665,
   "max": 0.047,
   "min": 0.036,
   "samples": [
    0.037,
    0.039,
    0.039,
    0.039,
    0.039,
    0.039,
    0.039,
    0.039,
    0.038,
    0.04,
    0.038,
    0.038,
    0.04,
    0.039,
    0.039,
    0.037,
    0.04,
    0.036,
    0.038,
    0.047,
    0.039,
    0.037,
    0.039,
    0.039,
    0.037,
    0.039,
    0.039,
    0.038,
    0.037,
    0.039
   ],
   "stdev": 0.001851063689236326
  },
  "init-network/activate-datasource": {
   "avg": 0.0005333333333333334,
   "max": 0.001,
   "min": 0.0,
   "samples": [
    0.001,
    0.0,
    0.001,
    0.0,
    0.0,
    0.001,
    0.001,
    0.0,
    0.0,
    0.0,
    0.0,
    0.0,
    0.001,
    0.001,
    0.001,
    0.0,
    0.001,
    0.001,
    0.001,
    0.001,
    0.001,
    0.0,
    0.001,
    0.001,
    0.0,
    0.0,
    0.001,
    0.0,
    0.0,
    0.001
   ],
   "stdev": 0.0005074162634049248
  },
  "init-network/check-cache": {
   "avg": 0.0015333333333333334,
   "max": 0.002,
   "min": 0.001,
   "samples": [
    0.001,
    0.001,
    0.002,
    0.002,
    0.001,
    0.001,
    0.002,
    0.002,
    0.002,
    0.001,
    0.002,
    0.002,
    0.002,
    0.001,
    0.001,
    0.001,
    0.001,
    0.001,
    0.002,
    0.002,
    0.002,
    0.002,
    0.002,
    0.001,
    0.001,
    0.002,
    0.002,
    0.002,
    0.001,
    0.001
   ],
   "stdev": 0.0005074162634049248
  },
  "init-network/config-growpart": {
   "avg": 0.005933333333333333,
   "max": 0.009,
   "min": 0.004,
   "samples": [
    0.007,
    0.006,
    0.006,
    0.006,
    0.006,
    0.006,
    0.009,
    0.006,
    0.006,
    0.006,
    0.005,
    0.006,
    0.006,
    0.006,
    0.006,
    0.007,
    0.006,
    0.006,
    0.006,
    0.006,
    0.004,
    0.006,
    0.005,
    0.006,
    0.005,
    0.005,
    0.005,
    0.006,
    0.006,
    0.006
   ],
   "stdev": 0.0008276819867946672
  },
  "init-network/config-mounts": {
   "avg": 0.0006000000000000001,
   "max": 0.001,
   "min": 0.0,
   "samples": [
    0.0,
    0.001,
    0.001,
    0.0,
    0.001,
    0.001,
    0.001,
    0.0,
    0.0,
    0.001,
    0.001,
    0.001,
    0.001,
    0.001,
    0.001,
    0.001,
    0.001,
    0.001,
    0.0,
    0.0,
    0.001,
    0.001,
    0.0,
    0.001,
    0.0,
    0.0,
    0.0,
    0.0,
    0.0,
    0.001
   ],
   "stdev": 0.0004982728791224398
  },
  "init-network/config-resizefs": {
   "avg": 0.00043333333333333337,
   "max": 0.001,
   "min": 0.0,
   "samples": [
    0.001,
    0.0,
    0.0,
    0.001,
    0.0,
    0.0,
    0.0,
    0.0,
    0.001,
    0.001,
    0.0,
    0.0,
    0.0,
    0.0,
    0.0,
    0.0,
    0.0,
    0.001,
    0.001,
    0.001,
    0.0,
    0.0,
    0.001,
    0.0,
    0.001,
    0.001,
    0.001,
    0.001,
    0.001,
    0.0
   ],
   "stdev": 0.0005040069329937309
  },
  "init-network/config-seed_random": {
   "avg": 0.00046666666666666666,
   "max": 0.001,
   "min": 0.0,
   "samples": [
    0.0,
    0.0,
    0.001,
    0.001,
    0.001,
    0.0,
    0.0,
    0.001,
    0.0,
    0.0,
    0.0,
    0.001,
    0.001,
    0.0,
    0.0,
    0.0,
    0.001,
    0.0,
    0.0,
    0.0,
    0.001,
    0.001,
    0.001,
    0.0,
    0.001,
    0.001,
    0.001,
    0.0,
    0.001,
    0.0
   ],
   "stdev": 0.0005074162634049248
  },
  "init-network/config-set_hostname": {
   "avg": 0.00043333333333333337,
   "max": 0.001,
   "min": 0.0,
   "samples": [
    0.001,
    0.0,
    0.0,
    0.001,
    0.0,
    0.0,
    0.001,
    0.001,
    0.001,
    0.0,
    0.0,
    0.0,
    0.0,
    0.0,
    0.0,
    0.0,
    0.0,
    0.0,
    0.0,
    0.001,
    0.0,
    0.0,
    0.001,
    0.0,
    0.001,
    0.001,
    0.001,
    0.001,
    0.001,
    0.001
   ],
   "stdev": 0.0005040069329937309
  },
  "init-network/config-ssh": {
   "avg": 0.1048,
   "max": 0.224,
   "min": 0.044,
   "samples": [
    0.045,
    0.089,
    0.073,
    0.078,
    0.085,
    0.107,
    0.224,
    0.044,
    0.185,
    0.205,
    0.14,
    0.165,
    0.121,
    0.078,
    0.113,
    0.097,
    0.108,
    0.151,
    0.05,
    0.064,
    0.044,
    0.075,
    0.052,
    0.093,
    0.057,
    0.199,
    0.13,
    0.048,
    0.1,
    0.124
   ],
   "stdev": 0.05120506440470176
  },
  "init-network/config-update_hostname": {
   "avg": 0.00030000000000000003,
   "max": 0.001,
   "min": 0.0,
   "samples": [
    0.0,
    0.0,
    0.001,
    0.0,
    0.0,
    0.0,
    0.0,
    0.0,
    0.0,
    0.001,
    0.0,
    0.001,
    0.001,
    0.001,
    0.0,
    0.001,
    0.0,
    0.0,
    0.0,
    0.0,
    0.001,
    0.001,
    0.0,
    0.001,
    0.0,
    0.0,
    0.0,
    0.0,
    0.0,
    0.0
   ],
   "stdev": 0.00046609159969939905
  },
  "init-network/config-users_groups": {
   "avg": 0.032266666666666666,
   "max": 0.038,
   "min": 0.028,
   "samples": [
    0.031,
    0.033,
    0.032,
    0.032,
    0.031,
    0.032,
    0.03,
    0.031,
    0.032,
    0.032,
    0.033,
    0.032,
    0.03,
    0.032,
    0.034,
    0.03,
    0.031,
    0.031,
    0.034,
    0.033,
    0.028,
    0.034,
    0.034,
    0.032,
    0.038,
    0.033,
    0.035,
    0.033,
    0.031,
    0.034
   ],
   "stdev": 0.0018742048122232858
  },
  "init-network/consume-user-data": {
   "avg": 0.0013,
   "max": 0.002,
   "min": 0.001,