{
 "client_time_to_cloudinit_done": {
  "avg": 9.285166351000468,
  "max": 10.9383704662323,
  "min": 8.282672643661499,
  "samples": [
   8.545403480529785,
   8.809592485427856,
   9.410500764846802,
   8.972561359405518,
   9.613889932632446,
   9.231706857681274,
   8.904117345809937,
   9.553109407424927,
   9.599955081939697,
   9.377695083618164,
   9.184592962265015,
   10.573016166687012,
   9.921448945999146,
   9.027503490447998,
   9.52107548713684,
   9.310692071914673,
   9.591421127319336,
   9.916614770889282,
   10.191580772399902,
   9.236770153045654,
   8.412266731262207,
   8.914210557937622,
   8.701613903045654,
   8.897079944610596,
   9.30877947807312,
   8.778407335281372,
   8.60466718673706,
   10.9383704662323,
   8.282672643661499,
   9.223674535751343
  ],
  "stdev": 0.6070871705986317
 },
 "client_time_to_ssh": {
  "avg": 6.0938810507456465,
  "max": 7.300643444061279,
  "min": 4.962087869644165,
  "samples": [
   4.962087869644165,
   5.5655741691589355,
   5.901233673095703,
   5.626307010650635,
   5.962566137313843,
   6.150434255599976,
   5.723237991333008,
   5.965078115463257,
   6.126868009567261,
   5.662384748458862,
   6.056507110595703,
   6.6817474365234375,
   6.151687145233154,
   6.05376410484314,
   6.343102693557739,
   6.243818998336792,
   5.8125998973846436,
   6.466954946517944,
   6.760138511657715,
   6.235270261764526,
   5.858029365539551,
   5.860941171646118,
   6.631428956985474,
   6.64723539352417,
   5.701779127120972,
   6.505544424057007,
   5.516195297241211,
   7.300643444061279,
   6.526960372924805,
   5.816310882568359
  ],
  "stdev": 0.46900717597609554
 },
 "cloud_init_complete": {
  "avg": 5.535566666666667,
  "max": 7.346,
  "min": 4.721,
  "samples": [
   5.063,
   5.291,
   5.79,
   5.379,
   6.07,
   5.294,
   5.33,
   5.716,
   5.888,
   5.877,
   5.169,
   6.41,
   5.976,
   5.302,
   5.2,
   5.314,
   5.826,
   5.482,
   5.57,
   5.53,
   4.721,
   5.338,
   5.147,
   5.377,
   5.71,
   5.375,
   5.088,
   7.346,
   4.841,
   5.647
  ],
  "stdev": 0.5030027547284088
 },
 "time_cloudinit_blames": {
  "init-local/check-cache": {
   "avg": 0.00016666666666666666,
   "max": 0.001,
   "min": 0.0,
   "samples": [
    0.0,
    0.0,
    0.0,
    0.0,
    0.0,
    0.0,
    0.0,
    0.0,
    0.0,
    0.0,
    0.0,
    0.0,
    0.001,
    0.0,
    0.0,
    0.0,
    0.0,
    0.0,
    0.0,
    0.001,
    0.0,
    0.0,
    0.001,
    0.001,
    0.001,
    0.0,
    0.0,
    0.0,
    0.0,
    0.0
   ],
   "stdev": 0.0003790490217894517
  },
  "init-local/search-LXD": {
   "avg": 0.020733333333333333,
   "max": 0.033,
   "min": 0.013,
   "samples": [
    0.013,
    0.018,
    0.022,
    0.019,
    0.02,
    0.023,
    0.023,
    0.022,
    0.022,
    0.023,
    0.018,
    0.017,
    0.021,
    0.023,
    0.025,
    0.024,
    0.018,
    0.02,
    0.019,
    0.016,
    0.018,
    0.019,
    0.033,
    0.022,
    0.024,
    0.022,
    0.02,
    0.018,
    0.02,
    0.02
   ],
   "stdev": 0.003542192320693727
  },
  "init-network/activate-datasource": {
   "avg": 0.0006333333333333333,
   "max": 0.002,
   "min": 0.0,
   "samples": [
    0.001,
    0.0,
    0.0,
    0.001,
    0.001,
    0.0,
    0.0,
    0.001,
    0.001,
    0.0,
    0.002,
    0.0,
    0.0,
    0.001,
    0.0,
    0.001,
    0.001,
    0.001,
    0.001,
    0.0,
    0.0,
    0.0,
    0.0,
    0.001,
    0.001,
    0.001,
    0.001,
    0.001,
    0.001,
    0.001
   ],
   "stdev": 0.0005560534167675356
  },
  "init-network/check-cache": {
   "avg": 0.0011666666666666668,
   "max": 0.002,
   "min": 0.001,
   "samples": [
    0.001,
    0.001,
    0.001,
    0.001,
    0.001,
    0.001,
    0.001,
    0.001,
    0.002,
    0.001,
    0.001,
    0.002,
    0.001,
    0.001,
    0.002,
    0.001,
    0.001,
    0.001,
    0.002,
    0.001,
    0.001,
    0.001,
    0.001,
    0.001,
    0.001,
    0.001,
    0.001,
    0.002,
    0.001,
    0.001
   ],
   "stdev": 0.0003790490217894517
  },
  "init-network/config-growpart": {
   "avg": 0.0037333333333333333,
   "max": 0.009,
   "min": 0.002,
   "samples": [
    0.002,
    0.004,
    0.003,
    0.004,
    0.004,
    0.004,
    0.004,
    0.004,
    0.003,
    0.004,
    0.004,
    0.005,
    0.003,
    0.009,
    0.004,
    0.003,
    0.002,
    0.003,
    0.003,
    0.006,
    0.003,
    0.004,
    0.003,
    0.003,
    0.003,
    0.003,
    0.004,
    0.003,
    0.004,
    0.004
   ],
   "stdev": 0.0012847469449832048
  },
  "init-network/config-mounts": {
   "avg": 0.0004,
   "max": 0.001,
   "min": 0.0,
   "samples": [
    0.0,
    0.001,
    0.0,
    0.0,
    0.0,
    0.0,
    0.0,
    0.001,
    0.0,
    0.0,
    0.0,
    0.001,
    0.001,
    0.001,
    0.001,
    0.0,
    0.0,
    0.0,
    0.0,
    0.001,
    0.0,
    0.001,
    0.0,
    0.0,
    0.001,
    0.001,
    0.001,
    0.0,
    0.0,
    0.001
   ],
   "stdev": 0.0004982728791224398
  },
  "init-network/config-resizefs": {
   "avg": 0.0004,
   "max": 0.001,
   "min": 0.0,
   "samples": [
    0.0,
    0.0,
    0.0,
    0.001,
    0.001,
    0.0,
    0.001,
    0.0,
    0.0,
    0.001,
    0.0,
    0.0,
    0.0,
    0.001,
    0.001,
    0.001,
    0.001,
    0.0,
    0.0,
    0.001,
    0.001,
    0.0,
    0.0,
    0.0,
    0.0,
    0.0,
    0.0,
    0.001,
    0.001,
    0.0
   ],
   "stdev": 0.0004982728791224398
  },
  "init-network/config-seed_random": {
   "avg": 0.00030000000000000003,
   "max": 0.001,
   "min": 0.0,
   "samples": [
    0.001,
    0.0,
    0.0,
    0.0,
    0.0,
    0.001,
    0.0,
    0.001,
    0.0,
    0.0,
    0.001,
    0.0,
    0.0,
    0.0,
    0.0,
    0.0,
    0.0,
    0.001,
    0.001,
    0.001,
    0.0,
    0.0,
    0.0,
    0.0,
    0.001,
    0.001,
    0.0,
    0.0,
    0.0,
    0.0
   ],
   "stdev": 0.00046609159969939905
  },
  "init-network/config-set_hostname": {
   "avg": 0.0005333333333333334,
   "max": 0.001,
   "min": 0.0,
   "samples": [
    0.001,
    0.0,
    0.001,
    0.0,
    0.001,
    0.001,
    0.001,
    0.0,
    0.001,
    0.001,
    0.0,
    0.0,
    0.0,
    0.001,
    0.0,
    0.001,
    0.001,
    0.0,
    0.001,
    0.001,
    0.001,
    0.0,
    0.0,
    0.001,
    0.0,
    0.0,
    0.0,
    0.001,
    0.001,
    0.0
   ],
   "stdev": 0.0005074162634049248
  },
  "init-network/config-set_passwords": {
   "avg": 0.0004,
   "max": 0.001,
   "min": 0.0,
   "samples": [
    0.0,
    0.0,
    0.0,
    0.0,
    0.001,
    0.0,
    0.0,
    0.001,
    0.0,
    0.001,
    0.0,
    0.001,
    0.001,
    0.001,
    0.001,
    0.001,
    0.001,
    0.0,
    0.0,
    0.0,
    0.0,
    0.0,
    0.0,
    0.001,
    0.0,
    0.0,
    0.0,
    0.0,
    0.001,
    0.001
   ],
   "stdev": 0.0004982728791224398
  },
  "init-network/config-ssh": {
   "avg": 0.4214333333333334,
   "max": 1.684,
   "min": 0.15,
   "samples": [
    0.23,
    0.186,
    0.576,
    0.285,
    0.387,
    0.238,
    0.209,
    0.391,
    0.495,
    0.303,
    0.533,
    0.66,
    0.34,
    0.329,
    0.248,
    0.31,
    0.288,
    0.385,
    0.251,
    0.301,
    0.15,
    0.174,
    0.355,
    0.584,
    0.716,
    0.555,
    0.631,
    1.684,
    0.515,
    0.334
   ],
   "stdev": 0.28462712247882266
  },
  "init-network/config-update_hostname": {
   "avg": 0.00043333333333333337,
   "max": 0.001,
   "min": 0.0,
   "samples": [
    0.0,
    0.001,
    0.0,
    0.0,
    0.0,
    0.0,
    0.0,
    0.001,
    0.0,
    0.0,
    0.0,
    0.001,
    0.001,
    0.001,
    0.001,
    0.0,
    0.0,
    0.0,
    0.0,
    0.001,
    0.0,
    0.001,
    0.001,
    0.0,
    0.001,
    0.001,
    0.001,
    0.0,
    0.0,
    0.001
   ],
   "stdev": 0.0005040069329937309
  },
  "init-network/config-users_groups": {
   "avg": 0.0263,
   "max": 0.03,
   "min": 0.023,