{
 "client_time_to_cloudinit_done": {
  "avg": 8.040282758076986,
  "max": 9.181245565414429,
  "min": 7.4606029987335205,
  "samples": [
   9.181245565414429,
   8.198119163513184,
   7.666949272155762,
   7.94278359413147,
   8.245538234710693,
   7.964253902435303,
   8.298852682113647,
   7.784726858139038,
   8.056562185287476,
   7.997068881988525,
   8.008753061294556,
   7.4606029987335205,
   8.277369499206543,
   8.827883243560791,
   7.715856552124023,
   7.714956521987915,
   8.059690952301025,
   7.908950328826904,
   8.549630403518677,
   8.048381328582764,
   8.744551420211792,
   7.64962911605835,
   7.8118603229522705,
   7.754547119140625,
   8.278054237365723,
   7.838676691055298,
   7.7901177406311035,
   7.909165620803833,
   7.83256721496582,
   7.691138029098511
  ],
  "stdev": 0.3843486797155584
 },
 "client_time_to_ssh": {
  "avg": 6.911482620239258,
  "max": 7.6101133823394775,
  "min": 6.228317737579346,
  "samples": [
   7.215599298477173,
   6.970767021179199,
   6.428896188735962,
   7.404099225997925,
   7.045236110687256,
   6.744025230407715,
   7.058461427688599,
   7.2635486125946045,
   6.850705862045288,
   6.7826924324035645,
   6.789698600769043,
   6.228317737579346,
   7.058629035949707,
   7.6101133823394775,
   6.503107070922852,
   7.172067165374756,
   6.859122037887573,
   6.688680410385132,
   6.558014154434204,
   6.839605808258057,
   7.536484956741333,
   6.4500720500946045,
   6.603559494018555,
   7.238987445831299,
   7.078583478927612,
   7.302071571350098,
   6.588712453842163,
   6.68769097328186,
   7.32159686088562,
   6.465332508087158
  ],
  "stdev": 0.35716158445873736
 },
 "cloud_init_complete": {
  "avg": 3.980033333333333,
  "max": 5.148,
  "min": 3.339,
  "samples": [
   5.148,
   4.123,
   3.546,
   3.975,
   4.176,
   3.865,
   3.688,
   3.879,
   4.06,
   3.961,
   3.856,
   3.339,
   4.295,
   4.787,
   3.605,
   3.666,
   3.978,
   3.793,
   4.411,
   4.06,
   4.691,
   3.69,
   3.802,
   3.985,
   4.312,
   3.635,
   3.877,
   3.816,
   3.854,
   3.528
  ],
  "stdev": 0.39296709376436234
 },
 "time_cloudinit_blames": {
  "init-local/check-cache": {
   "avg": 6.666666666666667e-05,
   "max": 0.001,
   "min": 0.0,
   "samples": [
    0.001,
    0.0,
    0.0,
    0.001,
    0.0,
    0.0,
    0.0,
    0.0,
    0.0,
    0.0,
    0.0,
    0.0,
    0.0,
    0.0,
    0.0,
    0.0,
    0.0,
    0.0,
    0.0,
    0.0,
    0.0,
    0.0,
    0.0,
    0.0,
    0.0,
    0.0,
    0.0,
    0.0,
    0.0,
    0.0
   ],
   "stdev": 0.0002537081317024624
  },
  "init-local/search-LXD": {
   "avg": 0.014633333333333333,
   "max": 0.017,
   "min": 0.013,
   "samples": [
    0.014,
    0.016,
    0.014,
    0.014,
    0.014,
    0.017,
    0.014,
    0.015,
    0.015,
    0.013,
    0.016,
    0.014,
    0.015,
    0.015,
    0.014,
    0.015,
    0.015,
    0.015,
    0.015,
    0.015,
    0.013,
    0.016,
    0.014,
    0.014,
    0.013,
    0.014,
    0.014,
    0.016,
    0.015,
    0.015
   ],
   "stdev": 0.0009643054793328018
  },
  "init-network/activate-datasource": {
   "avg": 0.0008,
   "max": 0.001,
   "min": 0.0,
   "samples": [
    0.001,
    0.001,
    0.001,
    0.001,
    0.001,
    0.001,
    0.001,
    0.001,
    0.001,
    0.001,
    0.001,
    0.0,
    0.001,
    0.001,
    0.0,
    0.001,
    0.001,
    0.0,
    0.001,
    0.001,
    0.0,
    0.001,
    0.001,
    0.0,
    0.001,
    0.001,
    0.001,
    0.001,
    0.001,
    0.0
   ],
   "stdev": 0.00040683810217248626
  },
  "init-network/check-cache": {
   "avg": 0.0016333333333333334,
   "max": 0.004,
   "min": 0.001,
   "samples": [
    0.002,
    0.004,
    0.001,
    0.001,
    0.002,
    0.001,
    0.002,
    0.001,
    0.002,
    0.001,
    0.002,
    0.001,
    0.002,
    0.002,
    0.002,
    0.001,
    0.002,
    0.002,
    0.002,
    0.002,
    0.001,
    0.001,
    0.002,
    0.001,
    0.001,
    0.002,
    0.002,
    0.001,
    0.002,
    0.001
   ],
   "stdev": 0.0006686751354593718
  },
  "init-network/config-growpart": {
   "avg": 0.0044666666666666665,
   "max": 0.005,
   "min": 0.003,
   "samples": [
    0.004,
    0.004,
    0.004,
    0.004,
    0.004,
    0.004,
    0.005,
    0.005,
    0.004,
    0.004,
    0.005,
    0.005,
    0.004,
    0.004,
    0.005,
    0.005,
    0.005,
    0.005,
    0.005,
    0.005,
    0.004,
    0.005,
    0.003,
    0.005,
    0.003,
    0.005,
    0.005,
    0.005,
    0.005,
    0.004
   ],
   "stdev": 0.0006288102248298565
  },
  "init-network/config-mounts": {
   "avg": 0.0006666666666666666,
   "max": 0.001,
   "min": 0.0,
   "samples": [
    0.0,
    0.001,
    0.001,
    0.001,
    0.001,
    0.001,
    0.001,
    0.0,
    0.001,
    0.001,
    0.001,
    0.001,
    0.0,
    0.0,
    0.001,
    0.001,
    0.0,
    0.0,
    0.001,
    0.001,
    0.001,
    0.0,
    0.001,
    0.001,
    0.0,
    0.0,
    0.001,
    0.001,
    0.0,
    0.001
   ],
   "stdev": 0.00047946330148538414
  },
  "init-network/config-resizefs": {
   "avg": 0.0006000000000000001,
   "max": 0.001,
   "min": 0.0,
   "samples": [
    0.0,
    0.001,
    0.0,
    0.001,
    0.001,
    0.001,
    0.0,
    0.0,
    0.001,
    0.0,
    0.0,
    0.0,
    0.001,
    0.001,
    0.0,
    0.001,
    0.001,
    0.001,
    0.001,
    0.001,
    0.001,
    0.001,
    0.0,
    0.001,
    0.001,
    0.001,
    0.0,
    0.001,
    0.0,
    0.0
   ],
   "stdev": 0.0004982728791224398
  },
  "init-network/config-seed_random": {
   "avg": 0.0005333333333333334,
   "max": 0.002,
   "min": 0.0,
   "samples": [
    0.002,
    0.001,
    0.001,
    0.0,
    0.001,
    0.0,
    0.001,
    0.0,
    0.001,
    0.0,
    0.0,
    0.0,
    0.001,
    0.001,
    0.0,
    0.0,
    0.001,
    0.001,
    0.001,
    0.001,
    0.001,
    0.0,
    0.0,
    0.0,
    0.001,
    0.0,
    0.0,
    0.0,
    0.001,
    0.0
   ],
   "stdev": 0.0005713464637233658
  },
  "init-network/config-set_hostname": {
   "avg": 0.0007,
   "max": 0.003,
   "min": 0.0,
   "samples": [
    0.001,
    0.0,
    0.001,
    0.0,
    0.001,
    0.0,
    0.001,
    0.001,
    0.0,
    0.001,
    0.001,
    0.0,
    0.001,
    0.001,
    0.001,
    0.0,
    0.0,
    0.001,
    0.0,
    0.0,
    0.003,
    0.0,
    0.001,
    0.0,
    0.002,
    0.001,
    0.001,
    0.0,
    0.001,
    0.001
   ],
   "stdev": 0.0007022132498578065
  },
  "init-network/config-set_passwords": {
   "avg": 0.0005333333333333334,
   "max": 0.003,
   "min": 0.0,
   "samples": [
    0.0,
    0.001,
    0.0,
    0.0,
    0.001,
    0.0,
    0.001,
    0.0,
    0.001,
    0.0,
    0.001,
    0.001,
    0.003,
    0.001,
    0.0,
    0.0,
    0.0,
    0.0,
    0.001,
    0.001,
    0.0,
    0.0,
    0.0,
    0.0,
    0.0,
    0.001,
    0.0,
    0.001,
    0.001,
    0.001
   ],
   "stdev": 0.0006814453874610599
  },
  "init-network/config-ssh": {
   "avg": 0.7449,
   "max": 1.396,
   "min": 0.328,
   "samples": [
    1.035,
    0.741,
    0.538,
    0.906,
    0.896,
    0.389,
    0.487,
    0.75,
    1.043,
    0.876,
    0.823,
    0.409,
    0.897,
    1.396,
    0.749,
    0.428,
    0.748,
    0.328,
    0.712,
    0.913,
    1.316,
    0.663,
    0.397,
    1.034,
    0.785,
    0.528,
    0.759,
    0.655,
    0.702,
    0.444
   ],
   "stdev": 0.2646665240741965
  },
  "init-network/config-update_hostname": {
   "avg": 0.0005666666666666667,
   "max": 0.001,
   "min": 0.0,
   "samples": [
    0.001,
    0.0,
    0.0,
    0.001,
    0.0,
    0.0,
    0.001,
    0.001,
    0.0,
    0.0,
    0.0,
    0.0,
    0.001,
    0.001,
    0.0,
    0.001,
    0.001,
    0.001,
    0.001,
    0.0,
    0.001,
    0.001,
    0.0,
    0.001,
    0.001,
    0.001,
    0.001,
    0.001,
    0.0,
    0.0
   ],
   "stdev": 0.0005040069329937309
  },
  "init-network/config-users_groups": {
   "avg": 0.0397,
   "max": 0.046,
   "min": 0.035,