{
 "client_time_to_cloudinit_done": {
  "avg": 6.5034583568572994,
  "max": 7.640655755996704,
  "min": 5.554906129837036,
  "samples": [
   6.244285345077515,
   5.817572116851807,
   6.3393144607543945,
   7.096101522445679,
   6.886002540588379,
   6.227094888687134,
   5.923485517501831,
   6.27402138710022,
   6.753732204437256,
   6.246750116348267,
   5.7855446338653564,
   6.902165412902832,
   6.961614370346069,
   6.650047302246094,
   6.971373558044434,
   6.149306774139404,
   7.244465589523315,
   6.121158599853516,
   6.680804014205933,
   6.815917015075684,
   6.132506370544434,
   6.582568645477295,
   7.131882667541504,
   6.580530405044556,
   7.640655755996704,
   6.871174097061157,
   5.994085788726807,
   6.091403961181641,
   6.433279514312744,
   5.554906129837036
  ],
  "stdev": 0.492620694622284
 },
 "client_time_to_ssh": {
  "avg": 5.51851179599762,
  "max": 6.377941846847534,
  "min": 4.791302680969238,
  "samples": [
   5.735757350921631,
   4.805063962936401,
   5.3365209102630615,
   6.046692132949829,
   5.852203607559204,
   5.224130630493164,
   4.923961639404297,
   5.277527809143066,
   5.755341053009033,
   5.219630241394043,
   4.791302680969238,
   5.883885145187378,
   6.377941846847534,
   6.091364860534668,
   5.980194330215454,
   5.074039697647095,
   6.23459529876709,
   5.082872629165649,
   5.6474504470825195,
   5.796722650527954,
   5.135463714599609,
   5.588546276092529,
   5.603426694869995,
   5.560985565185547,
   6.092050075531006,
   5.866030693054199,
   4.987363576889038,
   5.093820095062256,
   5.437353134155273,
   5.053115129470825
  ],
  "stdev": 0.4493564255512254
 },
 "cloud_init_complete": {
  "avg": 2.635166666666667,
  "max": 3.659,
  "min": 2.04,
  "samples": [
   3.022,
   2.04,
   2.515,
   3.012,
   3.087,
   2.409,
   2.088,
   2.491,
   3.003,
   2.35,
   2.069,
   3.048,
   3.187,
   3.053,
   2.922,
   2.185,
   3.208,
   2.156,
   2.337,
   2.754,
   2.233,
   2.647,
   3.259,
   2.629,
   3.659,
   2.676,
   2.139,
   2.183,
   2.639,
   2.055
  ],
  "stdev": 0.44552975699476693
 },
 "time_cloudinit_blames": {
  "init-local/check-cache": {
   "avg": 0.00013333333333333334,
   "max": 0.001,
   "min": 0.0,
   "samples": [
    0.0,
    0.0,
    0.0,
    0.0,
    0.001,
    0.0,
    0.001,
    0.001,
    0.0,
    0.0,
    0.001,
    0.0,
    0.0,
    0.0,
    0.0,
    0.0,
    0.0,
    0.0,
    0.0,
    0.0,
    0.0,
    0.0,
    0.0,
    0.0,
    0.0,
    0.0,
    0.0,
    0.0,
    0.0,
    0.0
   ],
   "stdev": 0.00034574590364176044
  },
  "init-local/search-LXD": {
   "avg": 0.011033333333333334,
   "max": 0.013,
   "min": 0.01,
   "samples": [
    0.01,
    0.01,
    0.011,
    0.012,
    0.011,
    0.012,
    0.012,
    0.011,
    0.01,
    0.01,
    0.011,
    0.011,
    0.013,
    0.011,
    0.01,
    0.01,
    0.013,
    0.01,
    0.012,
    0.013,
    0.01,
    0.01,
    0.01,
    0.012,
    0.013,
    0.011,
    0.011,
    0.01,
    0.011,
    0.01
   ],
   "stdev": 0.001066199610389819
  },
  "init-network/activate-datasource": {
   "avg": 0.00043333333333333337,
   "max": 0.001,
   "min": 0.0,
   "samples": [
    0.001,
    0.0,
    0.0,
    0.0,
    0.0,
    0.0,
    0.001,
    0.001,
    0.001,
    0.0,
    0.0,
    0.0,
    0.001,
    0.0,
    0.001,
    0.001,
    0.0,
    0.0,
    0.001,
    0.001,
    0.0,
    0.001,
    0.0,
    0.0,
    0.001,
    0.0,
    0.0,
    0.001,
    0.0,
    0.001
   ],
   "stdev": 0.0005040069329937309
  },
  "init-network/check-cache": {
   "avg": 0.00030000000000000003,
   "max": 0.001,
   "min": 0.0,
   "samples": [
    0.0,
    0.001,
    0.0,
    0.0,
    0.0,
    0.001,
    0.0,
    0.0,
    0.0,
    0.0,
    0.0,
    0.0,
    0.001,
    0.001,
    0.0,
    0.001,
    0.001,
    0.0,
    0.0,
    0.001,
    0.001,
    0.0,
    0.0,
    0.0,
    0.0,
    0.001,
    0.0,
    0.0,
    0.0,
    0.0
   ],
   "stdev": 0.00046609159969939905
  },
  "init-network/config-growpart": {
   "avg": 0.003,
   "max": 0.004,
   "min": 0.002,
   "samples": [
    0.003,
    0.003,
    0.003,
    0.003,
    0.003,
    0.003,
    0.004,
    0.003,
    0.004,
    0.003,
    0.003,
    0.004,
    0.004,
    0.002,
    0.002,
    0.002,
    0.003,
    0.002,
    0.003,
    0.003,
    0.002,
    0.004,
    0.003,
    0.003,
    0.003,
    0.002,
    0.003,
    0.003,
    0.003,
    0.004
   ],
   "stdev": 0.0006432675209026769
  },
  "init-network/config-mounts": {
   "avg": 0.00046666666666666666,
   "max": 0.001,
   "min": 0.0,
   "samples": [
    0.001,
    0.0,
    0.001,
    0.0,
    0.0,
    0.001,
    0.0,
    0.001,
    0.001,
    0.001,
    0.0,
    0.001,
    0.0,
    0.0,
    0.001,
    0.0,
    0.0,
    0.0,
    0.001,
    0.0,
    0.001,
    0.001,
    0.001,
    0.0,
    0.001,
    0.0,
    0.001,
    0.0,
    0.0,
    0.0
   ],
   "stdev": 0.0005074162634049248
  },
  "init-network/config-resizefs": {
   "avg": 0.0005,
   "max": 0.001,
   "min": 0.0,
   "samples": [
    0.0,
    0.001,
    0.0,
    0.0,
    0.0,
    0.0,
    0.001,
    0.0,
    0.0,
    0.0,
    0.0,
    0.0,
    0.001,
    0.001,
    0.001,
    0.001,
    0.001,
    0.001,
    0.001,
    0.001,
    0.0,
    0.001,
    0.0,
    0.001,
    0.0,
    0.001,
    0.0,
    0.001,
    0.0,
    0.001
   ],
   "stdev": 0.0005085476277156078
  },
  "init-network/config-seed_random": {
   "avg": 0.0003333333333333333,
   "max": 0.001,
   "min": 0.0,
   "samples": [
    0.0,
    0.001,
    0.0,
    0.0,
    0.0,
    0.0,
    0.0,
    0.0,
    0.0,
    0.0,
    0.001,
    0.0,
    0.0,
    0.001,
    0.001,
    0.001,
    0.0,
    0.0,
    0.001,
    0.0,
    0.001,
    0.0,
    0.0,
    0.001,
    0.0,
    0.0,
    0.0,
    0.0,
    0.001,
    0.001
   ],
   "stdev": 0.00047946330148538414
  },
  "init-network/config-set_hostname": {
   "avg": 0.00036666666666666667,
   "max": 0.001,
   "min": 0.0,
   "samples": [
    0.0,
    0.001,
    0.0,
    0.0,
    0.001,
    0.0,
    0.001,
    0.0,
    0.0,
    0.0,
    0.0,
    0.0,
    0.001,
    0.001,
    0.0,
    0.0,
    0.0,
    0.001,
    0.0,
    0.001,
    0.0,
    0.0,
    0.0,
    0.001,
    0.001,
    0.0,
    0.0,
    0.001,
    0.0,
    0.001
   ],
   "stdev": 0.000490132517853561
  },
  "init-network/config-set_passwords": {
   "avg": 0.00030000000000000003,
   "max": 0.002,
   "min": 0.0,
   "samples": [
    0.0,
    0.0,
    0.0,
    0.0,
    0.0,
    0.0,
    0.0,
    0.0,
    0.001,
    0.0,
    0.0,
    0.001,
    0.0,
    0.0,
    0.001,
    0.0,
    0.0,
    0.0,
    0.001,
    0.001,
    0.0,
    0.0,
    0.001,
    0.0,
    0.001,
    0.002,
    0.0,
    0.0,
    0.0,
    0.0
   ],
   "stdev": 0.0005349830806219241
  },
  "init-network/config-ssh": {
   "avg": 0.1561,
   "max": 0.394,
   "min": 0.036,
   "samples": [
    0.167,
    0.106,
    0.036,
    0.091,
    0.292,
    0.077,
    0.09,
    0.188,
    0.173,
    0.2,
    0.078,
    0.179,
    0.209,
    0.204,
    0.181,
    0.083,
    0.289,
    0.116,
    0.175,
    0.214,
    0.234,
    0.247,
    0.053,
    0.145,
    0.394,
    0.163,
    0.063,
    0.055,
    0.09,
    0.091
   ],
   "stdev": 0.08376912030838918
  },
  "init-network/config-update_hostname": {
   "avg": 0.0003333333333333333,
   "max": 0.001,
   "min": 0.0,
   "samples": [
    0.001,
    0.0,
    0.001,
    0.001,
    0.0,
    0.0,
    0.0,
    0.001,
    0.001,
    0.0,
    0.0,
    0.001,
    0.0,
    0.0,
    0.0,
    0.0,
    0.001,
    0.0,
    0.001,
    0.0,
    0.001,
    0.001,
    0.0,
    0.0,
    0.0,
    0.0,
    0.0,
    0.0,
    0.0,
    0.0
   ],
   "stdev": 0.00047946330148538414
  },
  "init-network/config-users_groups": {
   "avg": 0.02843333333333333,
   "max": 0.033,
   "min": 0.026,